{"cameraMode":{"drawMode":0,"name":"Shaded","section":"Shading Mode"},"sceneLighting":true,"audioPlay":false,"sceneViewState":{"showFog":true,"showMaterialUpdate":false,"showSkybox":true,"showFlares":true,"showImageEffects":true,"showParticleSystems":true},"in2DMode":false,"pivot":{"x":2360.09326171875,"y":-1318.913818359375,"z":-1265.8106689453125},"rotation":{"x":-0.10655485838651657,"y":-0.8731964826583862,"z":0.22092747688293458,"w":-0.4211486279964447},"size":2472.435302734375,"orthographic":false}