{"cameraMode":{"drawMode":0,"name":"Shaded","section":"Shading Mode"},"sceneLighting":false,"audioPlay":false,"sceneViewState":{"showFog":true,"showMaterialUpdate":true,"showSkybox":false,"showFlares":true,"showImageEffects":true,"showParticleSystems":true},"in2DMode":false,"pivot":{"x":-148.7254638671875,"y":-17.142776489257814,"z":24.348472595214845},"rotation":{"x":-0.0675010085105896,"y":-0.5839474201202393,"z":0.048813603818416598,"w":-0.8075088858604431},"size":69.28926849365235,"orthographic":false}