{"cameraMode":{"drawMode":0,"name":"Shaded","section":"Shading Mode"},"sceneLighting":false,"audioPlay":false,"sceneViewState":{"showFog":true,"showMaterialUpdate":true,"showSkybox":false,"showFlares":true,"showImageEffects":true,"showParticleSystems":true},"in2DMode":false,"pivot":{"x":-272.8125915527344,"y":2.044562339782715,"z":-23.20578384399414},"rotation":{"x":0.059411078691482547,"y":0.2165447324514389,"z":-0.013203209266066552,"w":0.9743754267692566},"size":5.2654128074646,"orthographic":false}