{"cameraMode":{"drawMode":0,"name":"Shaded","section":"Shading Mode"},"sceneLighting":false,"audioPlay":false,"sceneViewState":{"showFog":true,"showMaterialUpdate":true,"showSkybox":false,"showFlares":true,"showImageEffects":true,"showParticleSystems":true},"in2DMode":false,"pivot":{"x":-0.00589221715927124,"y":1.1719579696655274,"z":0.015764474868774415},"rotation":{"x":0.08696947991847992,"y":0.33253520727157595,"z":-0.030813610181212426,"w":0.9385690093040466},"size":2.1940689086914064,"orthographic":false}