{"cameraMode":{"drawMode":0,"name":"Shaded","section":"Shading Mode"},"sceneLighting":true,"audioPlay":false,"sceneViewState":{"showFog":true,"showMaterialUpdate":true,"showSkybox":true,"showFlares":true,"showImageEffects":true,"showParticleSystems":true},"in2DMode":false,"pivot":{"x":22.15947151184082,"y":-7.643088340759277,"z":-7.795258522033691},"rotation":{"x":0.1539180427789688,"y":0.7741677761077881,"z":-0.20601540803909303,"w":0.5784116983413696},"size":13.339432716369629,"orthographic":false}