{"cameraMode":{"drawMode":0,"name":"Shaded","section":"Shading Mode"},"sceneLighting":false,"audioPlay":false,"sceneViewState":{"showFog":true,"showMaterialUpdate":true,"showSkybox":false,"showFlares":true,"showImageEffects":true,"showParticleSystems":true},"in2DMode":false,"pivot":{"x":1.9910000562667847,"y":0.2750000059604645,"z":1.3980000019073487},"rotation":{"x":0.11894115805625916,"y":0.4069882929325104,"z":-0.053543053567409518,"w":0.9040754437446594},"size":0.23599177598953248,"orthographic":false}