{"cameraMode":{"drawMode":0,"name":"Shaded","section":"Shading Mode"},"sceneLighting":false,"audioPlay":false,"sceneViewState":{"showFog":true,"showMaterialUpdate":true,"showSkybox":false,"showFlares":true,"showImageEffects":true,"showParticleSystems":true},"in2DMode":false,"pivot":{"x":-0.7380170226097107,"y":0.4705997705459595,"z":0.11774148046970368},"rotation":{"x":0.000006252228558878414,"y":0.9997795820236206,"z":-0.020998423919081689,"w":0.00029631558572873473},"size":0.910021960735321,"orthographic":false}