{"cameraMode":{"drawMode":0,"name":"Shaded","section":"Shading Mode"},"sceneLighting":false,"audioPlay":false,"sceneViewState":{"showFog":true,"showMaterialUpdate":true,"showSkybox":false,"showFlares":true,"showImageEffects":true,"showParticleSystems":true},"in2DMode":false,"pivot":{"x":-277.1000061035156,"y":2.3000001907348635,"z":-22.309999465942384},"rotation":{"x":0.3381066918373108,"y":0.3836924731731415,"z":-0.1534288376569748,"w":0.8455314040184021},"size":2.3697800636291506,"orthographic":false}