{"cameraMode":{"drawMode":0,"name":"Shaded","section":"Shading Mode"},"sceneLighting":false,"audioPlay":false,"sceneViewState":{"showFog":true,"showMaterialUpdate":true,"showSkybox":false,"showFlares":true,"showImageEffects":true,"showParticleSystems":true},"in2DMode":false,"pivot":{"x":258.1564025878906,"y":259.90069580078127,"z":0.2303619384765625},"rotation":{"x":0.030304819345474244,"y":0.001494777388870716,"z":-0.000045405518903862685,"w":0.999541163444519},"size":115.736328125,"orthographic":false}